,untreated_mouse1,untreated_mouse2,untreated_mouse3,untreated_mouse4,untreated_mouse5,untreated_mouse6,cefepime_treated_mouse_7,cefepime_treated_mouse_8,cefepime_treated_mouse_9,cefepime_treated_mouse_10,cefepime_treated_mouse_11,cefepime_treated_mouse_12
0,2.9183509481432144,2.9555281434254064,2.750224278514132,2.9252373456152605,2.988443985189529,2.924038719973322,3.1050679914081325,2.944551407238886,2.898936384554252,2.7931337662813895,1.9588486515671786,2.905937674806105
1,2.7179487791532115,2.65322180992324,2.748195643961556,2.7207829929914316,2.852064108738758,2.86968455559398,2.744604659425228,0.8537583858456634,2.936140507580496,2.0268788138953524,2.6128153478406744,2.4716997979487894
2,2.790496143241183,2.1138726642705445,2.4169400495541864,2.6112293471559336,2.458831806088818,2.6713003350607982,2.5199247464150356,1.415640741199708,2.68459189222018,0.8156823514126367,1.9650835705697138,2.6845199598429677
3,2.5227518255107206,2.703520209735852,2.6314747442522037,2.701926168293025,2.4933316016247695,2.904962616086849,1.1434328820739412,2.363563546005228,2.7990026121751206,2.523852469309278,2.8929404478956626,2.481487774259292
4,2.6134894428030355,2.501116778609515,2.219417632908971,2.1806124117730423,2.709981783749992,2.449689165016384,2.404829620206536,2.612725253425223,2.1344730899280067,2.0483495481629483,2.582151983155304,0.6772086936219601
5,2.5624908475928763,2.572864559047629,2.2609557983092956,3.025872768555131,2.4091954079691345,2.5461248616744045,0.5643264885524532,2.1240266850693126,1.9227745047314662,2.222604409906734,3.0846725764192118,2.3460377148675304
6,2.676677080944027,2.1448337999898,2.441606939823293,2.2968822057131195,2.7060089938139815,2.012326998460519,1.0735764617783925,2.4842126116457974,0.5082606990232786,1.1106030121815542,2.7472214469672527,2.623672825102339
7,2.8012305684633403,2.6159024847767243,1.9725180792740378,1.6969251921406634,1.6075137892950835,2.6243500564765134,1.0835079634486673,2.4804263985654806,2.487685062470401,0.7299971044345481,1.360196179134876,1.4786479568219273
